CPULimit,AvgLatency,AvgCPUUsage,MaxCPUUsage,AvgMemoryUsage,MaxMemoryUsage,HighLoadRatio,TaskNumber
1000,201ns,997.4,999,5.372338176e+11,575365120000,1.4,1
1100,190ns,1096.8,1101,5.319335936e+11,580403200000,1.4,1
1200,177ns,1197.8,1199,5.363605504e+11,573329408000,1.6,1
1300,161ns,1296.5,1299,5.42538752e+11,574779392000,1.5,1
1400,145ns,1368.25,1403,5.26363648e+11,567238656000,1.5,1
1500,139ns,1497.75,1503,5.43036416e+11,582221824000,1.5,1
1600,130ns,1597.75,1603,5.39834368e+11,583520256000,1.5,1
1700,121ns,1699.6666666666667,1703,5.477512533333333e+11,570044416000,1.6666666666666667,1
1800,116ns,1798,1803,5.22405888e+11,538685440000,2,1
1900,114ns,1893.6666666666667,1897,5.5873536e+11,587743232000,1.6666666666666667,1
2000,102ns,1993.6666666666667,1996,5.40622848e+11,573366272000,1.6666666666666667,1
2100,99ns,2095.3333333333335,2098,5.443351893333333e+11,573853696000,1.6666666666666667,1
2200,95ns,2190.5,2192,5.30130944e+11,548478976000,2,1
2300,91ns,2120.5,2298,5.28652288e+11,552435712000,2,1
2400,88ns,2394,2394,5.58956544e+11,558956544000,3,1
2500,83ns,2494.5,2496,5.30980864e+11,557850624000,1.5,1
2600,84ns,2606,2606,5.21310208e+11,521310208000,4,1
2700,84ns,2700,2706,5.4183936e+11,562786304000,2,1
2800,81ns,2789,2789,5.33979136e+11,533979136000,3,1
2900,79ns,2896,2896,5.4054912e+11,540549120000,3,1
3000,75ns,2969.5,2978,5.55483136e+11,582811648000,2,1
3100,73ns,3086,3086,5.40950528e+11,540950528000,3,1
3200,72ns,3189,3189,5.52599552e+11,552599552000,3,1
3300,69ns,3291,3291,5.2770816e+11,527708160000,3,1
3400,68ns,3369,3369,5.23776e+11,523776000000,3,1
3500,66ns,3473,3473,5.48667392e+11,548667392000,3,1
3600,62ns,1818,1818,4.94026752e+11,494026752000,2,1
3700,59ns,3680,3680,5.52493056e+11,552493056000,3,1
3800,60ns,2360,2360,5.10959616e+11,510959616000,3,1
3900,58ns,3818,3818,5.5699456e+11,556994560000,3,1
4000,57ns,3933,3933,5.44509952e+11,544509952000,3,1
4100,55ns,2650,2650,4.92314624e+11,492314624000,3,1
4200,53ns,1120,1120,4.78150656e+11,478150656000,2,1
4300,54ns,4235,4235,5.33643264e+11,533643264000,3,1
4400,52ns,2727,2727,5.22108928e+11,522108928000,2,1
4500,51ns,4400,4400,5.27458304e+11,527458304000,3,1
4600,49ns,4485,4485,5.3735424e+11,537354240000,3,1
4700,51ns,3575,3575,5.16431872e+11,516431872000,2,1
4800,49ns,4622,4622,5.405696e+11,540569600000,3,1
4900,48ns,4722,4722,5.59071232e+11,559071232000,3,1
5000,48ns,4771,4771,5.68467456e+11,568467456000,3,1
5100,47ns,2354,2354,5.12622592e+11,512622592000,2,1
5200,48ns,2645,2645,4.99081216e+11,499081216000,2,1
5300,46ns,3262,3262,5.07039744e+11,507039744000,2,1
5400,45ns,4676,4676,5.3833728e+11,538337280000,2,1
5500,45ns,5,5,4.33115136e+11,433115136000,1,1
5600,45ns,1212,1212,4.8078848e+11,480788480000,2,1
5700,44ns,5223,5223,5.7769984e+11,577699840000,3,1
5800,45ns,573,573,4.72055808e+11,472055808000,2,1
5900,45ns,5189,5189,5.50486016e+11,550486016000,3,1
6000,45ns,3650,3650,5.31595264e+11,531595264000,2,1
6100,45ns,3815,3815,5.33798912e+11,533798912000,2,1
6200,46ns,4100,4100,5.2680704e+11,526807040000,3,1
6300,44ns,3532,3532,5.27966208e+11,527966208000,2,1
6400,45ns,2061,2061,5.07547648e+11,507547648000,2,1
6500,44ns,4.5,5,4.329472e+11,432947200000,1,1
