CPULimit,AET,AvgCPUUsage,MaxCPUUsage,AvgMemoryUsage,MaxMemoryUsage,HighLoadRatio,TaskNumber
1000m,6m11.584665728s,985.9130434782609,994,6.116859547826086e+11,658456576000,1.1304347826086956,25
1100m,5m34.470425447s,1079.695652173913,1093,6.207306351304348e+11,661614592000,1.1304347826086956,23
1200m,5m4.603517414s,1171.4,1195,6.194999296e+11,665022464000,1.15,21
1300m,4m38.058357449s,1276.8823529411766,1295,6.356464338823529e+11,656613376000,1.1764705882352942,19
1400m,4m18.034301815s,1378.3125,1392,6.47662848e+11,673529856000,1.25,18
1500m,3m58.80635082s,1469.6923076923076,1490,6.482046030769231e+11,675307520000,1.3076923076923077,17
1600m,3m39.363720393s,1577.6923076923076,1591,6.535426363076923e+11,681480192000,1.3076923076923077,16
1700m,3m23.251842125s,1675.5833333333333,1690,6.508468906666666e+11,682741760000,1.25,15
1800m,3m9.037242386s,1773.5454545454545,1790,6.527705832727273e+11,685850624000,1.3636363636363635,14
1900m,2m55.565787656s,1880.3333333333333,1892,6.574480497777778e+11,684421120000,1.4444444444444444,13
2000m,2m39.478075329s,1962.3333333333333,1991,6.48491008e+11,683646976000,1.3333333333333333,12
2100m,2m34.690057758s,2056.3,2091,6.526099456e+11,684109824000,1.3,12
2200m,2m21.301250022s,2145.777777777778,2195,6.515124906666666e+11,684449792000,1.3333333333333333,11
2300m,2m16.271979748s,2216.714285714286,2292,6.47749632e+11,675012608000,1.4285714285714286,11
2400m,2m7.172703846s,2379.1428571428573,2400,6.54405632e+11,681340928000,1.4285714285714286,10
2500m,2m1.188051381s,2482.625,2493,6.56740864e+11,684703744000,1.5,10
2600m,1m49.802931488s,2518.3333333333335,2597,6.573888853333334e+11,686731264000,1.5,9
2700m,1m47.977595942s,2661,2695,6.579167232e+11,680275968000,1.6,9
2800m,1m46.027615321s,2779.2,2787,6.613590016e+11,680570880000,1.8,9
2900m,1m34.868772185s,2879.6666666666665,2889,6.654907733333334e+11,692019200000,1.5,8
3000m,1m32.781459011s,2960.6,2984,6.451904512e+11,672485376000,1.6,8
3100m,1m31.711728415s,3008.2,3084,6.563667968e+11,680607744000,1.6,8
3200m,1m29.772066024s,3160,3185,6.638338048e+11,689733632000,1.6,8
3300m,1m22.651770839s,3234.6,3278,6.533046272e+11,680902656000,1.6,7
3400m,1m19.639590091s,3337,3366,6.45213184e+11,670932992000,1.75,7
3500m,1m17.697225982s,3349,3435,6.52663808e+11,676192256000,1.75,7
3600m,1m16.717884412s,3514.6,3523,6.53860864e+11,684883968000,1.6,7
3700m,1m9.450983841s,3606.6666666666665,3631,6.540028586666666e+11,672694272000,2,6
3800m,1m8.467279384s,3649.25,3704,6.48164352e+11,675684352000,1.75,6
3900m,1m7.397328138s,3755,3793,6.592689493333334e+11,675586048000,2.3333333333333335,6
4000m,1m7.407949504s,3798,3833,6.72145408e+11,688345088000,2,6
4100m,1m5.441166393s,3839.5,3898,6.63433216e+11,687562752000,1.75,6
4200m,1m5.419429071s,3861.5,3876,6.58599936e+11,669282304000,2.5,6
4300m,1m0.308300675s,3975,3996,6.687511893333334e+11,685371392000,2,5
4400m,1m0.304368682s,4014,4032,6.55194112e+11,668917760000,2.5,5
4500m,1m0.340409087s,3918,4056,6.5644544e+11,688623616000,1.75,5
4600m,59.317995083s,4011,4072,6.68536832e+11,684216320000,2,5
4700m,1m0.313841307s,4055.5,4072,6.71051776e+11,683204608000,2.5,5
4800m,1m0.362569459s,3877.25,4050,6.58335744e+11,694198272000,1.75,5
4900m,59.277349588s,4119,4183,6.554350933333334e+11,680722432000,2,5
5000m,59.298101991s,4057.3333333333335,4102,6.513240746666666e+11,670617600000,2,5
5100m,59.314536942s,4019.6666666666665,4155,6.606615893333334e+11,674381824000,2,5
5200m,56.247366473s,3994.3333333333335,4116,6.48278016e+11,672706560000,2,4
5300m,56.246466542s,4052.5,4080,6.63779328e+11,673673216000,2.5,4
5400m,56.232402402s,4054.3333333333335,4127,6.580278613333334e+11,681107456000,2,4
5500m,56.249573047s,4057,4061,6.71776768e+11,686116864000,2.5,4
5600m,55.260976008s,4112.5,4125,6.577664e+11,669130752000,2.5,4
5700m,55.252311852s,3767,4170,6.44352e+11,667848704000,2,4
5800m,56.264659153s,3899.6666666666665,4020,6.47360512e+11,679333888000,2,4
5900m,55.241863102s,3987.6666666666665,4143,6.690515626666666e+11,694005760000,2,4
0,55.223657886s,4136,4137,6.62059008e+11,671113216000,2.5,4
